{"accuracy": [0.14606741070747375, 0.12359550595283508, 0.1910112351179123, 0.20224718749523163, 0.23595505952835083, 0.16853933036327362, 0.21348313987255096, 0.20224718749523163, 0.26966291666030884, 0.2921348214149475], "loss": [21.68549346923828, 1.9177167415618896, 1.849859356880188, 1.7797633409500122, 1.7835627794265747, 1.7736881971359253, 1.7870738506317139, 1.7669579982757568, 1.7555408477783203, 1.7167994976043701], "val_accuracy": [0.16853933036327362, 0.20224718749523163, 0.16853933036327362, 0.20224718749523163, 0.23595505952835083, 0.2584269642829895, 0.20224718749523163, 0.20224718749523163, 0.24719101190567017, 0.37078651785850525], "val_loss": [1.9224510192871094, 1.7952481508255005, 1.7765921354293823, 1.7693818807601929, 1.755344033241272, 1.7575676441192627, 1.734724760055542, 1.734470009803772, 1.7206029891967773, 1.6606402397155762]}